<metadata><mdLang><languageCode value="eng"/><countryCode value="USA"/></mdLang><mdChar><CharSetCd value="004"/></mdChar><mdHrLv><ScopeCd value="005"/></mdHrLv><mdContact><rpOrgName>U.S. Fish and Wildlife Service</rpOrgName><rpPosName>National Standards and Support Team</rpPosName><rpCntInfo><cntPhone><voiceNum>608-238-9333</voiceNum><faxNum>608-238-9334</faxNum></cntPhone><cntAddress addressType="both"><delPoint>505 Science Drive</delPoint><city>Madison</city><adminArea>WI</adminArea><postCode>53711</postCode><country>US</country><eMailAdd>wetlands_team@fws.gov</eMailAdd></cntAddress></rpCntInfo><role><RoleCd value="007"/></role></mdContact><mdDateSt>20140428</mdDateSt><mdStanName>ArcGIS Metadata</mdStanName><mdStanVer>1.0</mdStanVer><distInfo><distributor><distorCont><rpOrgName>U.S. Fish and Wildlife Service</rpOrgName><rpPosName>National Standards and Support Team</rpPosName><rpCntInfo><cntPhone><voiceNum>608-268-9333</voiceNum><faxNum>608-238-9334</faxNum></cntPhone><cntAddress addressType="both"><delPoint>505 Science Drive</delPoint><city>Madison</city><adminArea>WI</adminArea><postCode>53711</postCode><country>US</country><eMailAdd>wetlands_team@fws.gov</eMailAdd></cntAddress></rpCntInfo><role><RoleCd value="005"/></role></distorCont><distorOrdPrc><resFees>There is no charge for the online option. Requests for large amounts of data are handled on a cost reimbursable basis.</resFees></distorOrdPrc><distorFormat><formatName>Shapefile or File Geodatabase</formatName></distorFormat><distorTran><onLineSrc><linkage>http://www.fws.gov/wetlands/Data/Data-Download.html</linkage></onLineSrc></distorTran><distorTran><offLineMed><medFormat><MedFormCd value="002"/></medFormat></offLineMed></distorTran></distributor><distTranOps><onLineSrc><linkage>http://www.fws.gov/wetlands/</linkage></onLineSrc><transSize Sync="TRUE">0.000</transSize></distTranOps><distFormat><formatName>File Geodatabase Feature Class</formatName></distFormat></distInfo><dataIdInfo><idCitation><resTitle>CONUS_wet_poly</resTitle><date><pubDate>2014-05-01</pubDate></date><citRespParty><rpOrgName>U.S. Fish and Wildlife Service</rpOrgName><role><RoleCd value="006"/></role></citRespParty><citRespParty><rpOrgName>U.S. Fish and Wildlife Service</rpOrgName><rpCntInfo><cntAddress><delPoint>Washington, D.C.</delPoint></cntAddress></rpCntInfo><role><RoleCd value="010"/></role></citRespParty><presForm><PresFormCd value="005"/></presForm><presForm><fgdcGeoform>vector digital data</fgdcGeoform></presForm><datasetSeries><seriesName>Classification of Wetlands and Deepwater Habitats of the United States. U.S. Department of the Interior, Fish and Wildlife Service, Washington, DC. FWS/OBS-79/31.</seriesName></datasetSeries></idCitation><idAbs>This data set represents the extent, approximate location and type of wetlands and deepwater habitats in the United States and its Territories. These data delineate the areal extent of wetlands and surface waters as defined by Cowardin et al. (1979). Certain wetland habitats are excluded from the National mapping program because of the limitations of aerial imagery as the primary data source used to detect wetlands. These habitats include seagrasses or submerged aquatic vegetation that are found in the intertidal and subtidal zones of estuaries and near shore coastal waters. Some deepwater reef communities (coral or tuberficid worm reefs) have also been excluded from the inventory. These habitats, because of their depth, go undetected by aerial imagery. By policy, the Service also excludes certain types of "farmed wetlands" as may be defined by the Food Security Act or that do not coincide with the Cowardin et al. definition. Contact the Service's Regional Wetland Coordinator for additional information on what types of farmed wetlands are included on wetland maps.</idAbs><idPurp>The present goal of the Service is to provide the citizens of the United States and its Trust Territories with current geospatially referenced information on the status, extent, characteristics and functions of wetlands, riparian, deepwater and related aquatic habitats in priority areas to promote the understanding and conservation of these resources.</idPurp><idPoC><rpOrgName>U.S. Fish and Wildlife Service</rpOrgName><rpPosName>National Standards and Support Team</rpPosName><rpCntInfo><cntPhone><voiceNum>608-238-9333</voiceNum><faxNum>608-238-9334</faxNum></cntPhone><cntAddress addressType="both"><delPoint>505 Science Drive</delPoint><city>Madison</city><adminArea>WI</adminArea><postCode>53711</postCode><country>US</country><eMailAdd>wetlands_team@fws.gov</eMailAdd></cntAddress></rpCntInfo><role><RoleCd value="007"/></role></idPoC><resMaint/><placeKeys><keyword>Indiana</keyword><keyword>Louisiana</keyword><keyword>New Hampshire</keyword><keyword>Nebraska</keyword><keyword>Oregon</keyword><keyword>Maryland</keyword><keyword>Tennessee</keyword><keyword>Utah</keyword><keyword>Texas</keyword><keyword>Saipan</keyword><keyword>Alabama</keyword><keyword>Arizona</keyword><keyword>Wyoming</keyword><keyword>Georgia</keyword><keyword>Idaho</keyword><keyword>Nevada</keyword><keyword>Colorado</keyword><keyword>Hawaii</keyword><keyword>Connecticut</keyword><keyword>South Dakota</keyword><keyword>District of Columbia</keyword><keyword>North Carolina</keyword><keyword>California</keyword><keyword>Minnesota</keyword><keyword>Massachusetts</keyword><keyword>Illinois</keyword><keyword>Pennsylvania</keyword><keyword>New Jersey</keyword><keyword>Kentucky</keyword><keyword>North Dakota</keyword><keyword>Missouri</keyword><keyword>Delaware</keyword><keyword>Mississippi</keyword><keyword>Virginia</keyword><keyword>Vermont</keyword><keyword>Maine</keyword><keyword>Rhode Island</keyword><keyword>Puerto Rico</keyword><keyword>Alaska</keyword><keyword>Florida</keyword><keyword>Washington</keyword><keyword>United States</keyword><keyword>Wisconsin</keyword><keyword>West Virginia</keyword><keyword>Arkansas</keyword><keyword>Iowa</keyword><keyword>New Mexico</keyword><keyword>Kansas</keyword><keyword>Montana</keyword><keyword>Ohio</keyword><keyword>Guam</keyword><keyword>Virgin Islands</keyword><keyword>Oklahoma</keyword><keyword>New York</keyword><keyword>South Carolina</keyword><keyword>Michigan</keyword></placeKeys><themeKeys><keyword>Surface water</keyword><keyword>USFWS</keyword><keyword>Wetlands</keyword><keyword>Swamps, marshes, bogs, fens</keyword><keyword>U.S. Fish and Wildlife Service</keyword><keyword>National Wetlands Inventory</keyword><keyword>Deepwater habitats</keyword><keyword>NWI</keyword><keyword>Coastal waters</keyword><keyword>Hydrography</keyword></themeKeys><themeKeys><keyword>oceans</keyword><keyword>geoscientificInformation</keyword><keyword>inlandWaters</keyword><keyword>environment</keyword><thesaName><resTitle>ISO 19115 Topic Categories</resTitle></thesaName></themeKeys><searchKeys><keyword>Indiana</keyword><keyword>Louisiana</keyword><keyword>New Hampshire</keyword><keyword>oceans</keyword><keyword>geoscientificInformation</keyword><keyword>Nebraska</keyword><keyword>Oregon</keyword><keyword>Maryland</keyword><keyword>Tennessee</keyword><keyword>Utah</keyword><keyword>Texas</keyword><keyword>Saipan</keyword><keyword>inlandWaters</keyword><keyword>Alabama</keyword><keyword>Surface water</keyword><keyword>Arizona</keyword><keyword>Wyoming</keyword><keyword>USFWS</keyword><keyword>Wetlands</keyword><keyword>Georgia</keyword><keyword>Idaho</keyword><keyword>Swamps, marshes, bogs, fens</keyword><keyword>Nevada</keyword><keyword>Colorado</keyword><keyword>Hawaii</keyword><keyword>Connecticut</keyword><keyword>South Dakota</keyword><keyword>U.S. Fish and Wildlife Service</keyword><keyword>National Wetlands Inventory</keyword><keyword>District of Columbia</keyword><keyword>North Carolina</keyword><keyword>California</keyword><keyword>Minnesota</keyword><keyword>Massachusetts</keyword><keyword>Illinois</keyword><keyword>Pennsylvania</keyword><keyword>New Jersey</keyword><keyword>Kentucky</keyword><keyword>North Dakota</keyword><keyword>Deepwater habitats</keyword><keyword>Missouri</keyword><keyword>NWI</keyword><keyword>Delaware</keyword><keyword>Mississippi</keyword><keyword>Virginia</keyword><keyword>Vermont</keyword><keyword>Maine</keyword><keyword>Rhode Island</keyword><keyword>Puerto Rico</keyword><keyword>Alaska</keyword><keyword>Florida</keyword><keyword>Washington</keyword><keyword>United States</keyword><keyword>Wisconsin</keyword><keyword>West Virginia</keyword><keyword>Arkansas</keyword><keyword>Iowa</keyword><keyword>New Mexico</keyword><keyword>Kansas</keyword><keyword>Montana</keyword><keyword>Coastal waters</keyword><keyword>Ohio</keyword><keyword>Guam</keyword><keyword>Hydrography</keyword><keyword>Virgin Islands</keyword><keyword>environment</keyword><keyword>Oklahoma</keyword><keyword>New York</keyword><keyword>South Carolina</keyword><keyword>Michigan</keyword></searchKeys><resConst><LegConsts><useLimit>Although these data have been processed successfully on a computer system at the U.S. Fish and Wildlife Service, no warranty expressed or implied is made by the U.S. Fish and Wildlife Service regarding the utility of the data on any other system, nor shall the act of distribution constitute any such warranty. No responsibility is assumed by the U.S. Fish and Wildlife Service in the use of these data.</useLimit></LegConsts></resConst><resConst><Consts><useLimit>None. Precautions - Federal, state, and local regulatory agencies with jurisdiction over wetlands may define and describe wetlands in a different manner than that used in this inventory. There is no attempt, in either the design or products of this inventory, to define the limits of proprietary jurisdiction of any Federal, state, or local government or to establish the geographical scope of the regulatory programs of government agencies. Persons intending to engage in activities involving modifications within or adjacent to wetland areas should seek the advice of appropriate federal, state, or local agencies concerning specified agency regulatory programs and proprietary jurisdictions that may affect such activities. Acknowledgement of the U.S. Fish and Wildlife Service and (or) the National Wetlands Inventory would be appreciated in products derived from these data.</useLimit></Consts></resConst><aggrInfo><aggrDSName><resTitle>Wetlands and Deepwater Habitats of the United States</resTitle><resEd>Version 1.0</resEd><citRespParty><rpOrgName>U.S. Fish and Wildlife Service</rpOrgName><rpCntInfo><cntAddress><delPoint>Washington, D.C. USA</delPoint></cntAddress></rpCntInfo><role><RoleCd value="010"/></role></citRespParty><citRespParty><rpOrgName>U.S. Fish and Wildlife Serivce, National Wetlands Inventory</rpOrgName><role><RoleCd value="006"/></role></citRespParty></aggrDSName><assocType><AscTypeCd value="001"/></assocType></aggrInfo><spatRpType><SpatRepTypCd value="001"/></spatRpType><dataLang><languageCode value="eng"/><countryCode value="USA"/></dataLang><tpCat><TopicCatCd value="008"/></tpCat><tpCat><TopicCatCd value="007"/></tpCat><tpCat><TopicCatCd value="012"/></tpCat><tpCat><TopicCatCd value="014"/></tpCat><envirDesc>Microsoft Windows 7 Version 6.1 (Build 7601) Service Pack 1; Esri ArcGIS 10.2.0.3348</envirDesc><dataExt><geoEle><GeoBndBox><westBL>144.599995</westBL><eastBL>-64.549579</eastBL><southBL>13.166674</southBL><northBL>71.99633</northBL></GeoBndBox></geoEle></dataExt><dataExt><exDesc>ground condition</exDesc><tempEle><TempExtent><exTemp><TM_Period><tmBegin>1977-01-01</tmBegin><tmEnd>2014-05-01</tmEnd></TM_Period></exTemp></TempExtent></tempEle><geoEle/></dataExt><suppInfo>The wetland maps were produced as topical overlays using U.S. Geological Survey topographic maps as the base. The hard copy product is a composite map showing topographic and planimetric features from the USGS map base and wetlands and deepwater habitats from the Service's topical overlay. Thus, the data are intended for use in publications, at a scale of 1:24,000 or smaller. Due to the scale, the primary intended use is for regional and watershed data display and analysis, rather than specific project data analysis. The map products were neither designed or intended to represent legal or regulatory products. Questions or comments regarding the interpretation or classification of wetlands or deepwater habitats can be addressed by visiting http://www.fws.gov/wetlands/FAQs.html These data were developed in conjunction with the publication Cowardin, L.M., V. Carter, F.C. Golet, and E.T. LaRoe. 1979. Classification of Wetlands and Deepwater Habitats of the United States. U.S. Department of the Interior, Fish and Wildlife Service, Washington, DC. FWS/OBS-79/31. Alpha-numeric map codes have been developed to correspond to the wetland and deepwater classifications described. These spatial data are not designed to stand alone. They form topical overlays to the U.S. Geological Survey 1:24,000 or 1:25,000 scale topographic quadrangles. Note that coastline delineations were drawn to follow the extent of wetland or deepwater features as described by this project and may not match the coastline shown in other base maps. Any use of trade, product, or firm names is for descriptive purposes only and does not imply endorsement by the U.S. Government. Although this Federal Geographic Data Committee-compliant metadata file is intended to document the data set in nonproprietary form, as well as in Arc/INFO format, this metadata file may include some Arc/INFO-specific terminology.</suppInfo><dataExt><geoEle><GeoBndBox esriExtentType="search"><exTypeCode>1</exTypeCode><westBL>-128.000735</westBL><eastBL>-65.254573</eastBL><northBL>51.650124</northBL><southBL>22.725718</southBL></GeoBndBox></geoEle></dataExt></dataIdInfo><mdConst><SecConsts><class><ClasscationCd value="001"/></class><classSys>None</classSys><handDesc>None</handDesc></SecConsts></mdConst><dqInfo><dqScope><scpLvl><ScopeCd value="005"/></scpLvl></dqScope><report type="DQTopConsis"><evalMethDesc>Polygon and chain-node topology are present. Every polygon has a label.</evalMethDesc></report><report type="DQConcConsis"><measDesc>Polygon and chain-node topology are present. Every polygon has a label.</measDesc></report><report type="DQCompOm"><measDesc>This data set represents the extent of wetlands and deepwater habitats that can be determined with the use of remotely sensed data and within the timeframe for which the maps were produced. Wetlands are shown in all of the 50 states, the District of Columbia, Puerto Rico, the Virgin Islands, Guam and Saipan. The accuracy of image interpretation depends on the quality of the imagery, the experience of the image analysts, the amount and quality of the collateral data, and the amount of ground truth verification work conducted. There is a margin error inherent in the use of imagery, thus detailed on-the-ground inspection of any particular site, may result in revision of the wetland boundaries or classification, established through image analysis. Wetlands or other mapped features may have changed since the date or the imagery and/or field work. There may be occasional differences in polygon boundaries or classifications between the information depicted on the map and the actual conditions on site.</measDesc></report><report type="DQQuanAttAcc"><measDesc>The source data was checked using standard review procedures. Attributes were checked by using visual inspection as well as automated verification routines. Quality of the attribute information varies with age and mapping protocols used when individual maps were prepared</measDesc><measResult><QuanResult><quanVal>All polygons are attributed.</quanVal></QuanResult></measResult></report><dataLineage><prcStep><stepDesc>Original stable base hard copy maps of wetland and deepwater habitats were created based on USGS state and quadrangle boundaries. These maps were converted to digital files using various software packages (WAMS, ARC and others). The digital files were stored as ESRI Import/Export files corresponding to a single 1:24,000 USGS quadrangle. These digital files were imported and converted to ESRI Coverage format and checked for topological and attribute errors. All coverages were converted from a UTM map projection to an Alber's Equal Area map projection and the horizontal datum was converted from NAD27 to NAD83 were necessary. Polygons attributed as "Uplands" were removed from the dataset and polygons were merged at quadrangle boundaries where the quadrangle line divided polygons with the same attribute. The data was loaded into a seamless SDE geodatabase for the conterminous United States. These steps were conducted using both Arc Macro Language (AML) and ArcMap editing tools. All point data from the original ESRI Coverages were buffered by 11.28 meters (1/10 of an acre) and incorporated into this polygon feature class. Linear features from the original ESRI Coverages were merged at quadrangle boundaries where the quadrangle line divided lines with the same attribute. Linear data is stored in a separate feature class. Further data improvements included the conversion of all old wetland codes that contained 'OW' to the new code containing 'UB'. All polygons labeled as 'OUT', 'No Data' and 'NP' were removed from the database.</stepDesc><stepSrc type="used"><srcCitatn><resAltTitle>NWI</resAltTitle></srcCitatn></stepSrc></prcStep><dataSource><srcDesc>Spatial information</srcDesc><srcMedName><MedNameCd value="027"/></srcMedName><srcScale><rfDenom>0</rfDenom></srcScale><srcCitatn><resTitle>Wetlands and Deepwater Habitats of the United States</resTitle><citRespParty><rpOrgName>U.S. Fish and Wildlife Service</rpOrgName><role><RoleCd value="006"/></role></citRespParty><citRespParty><rpOrgName>U.S. Fish and Wildlife Service</rpOrgName><rpCntInfo><cntAddress><delPoint>Washington, D.C.</delPoint></cntAddress></rpCntInfo><role><RoleCd value="010"/></role></citRespParty><datasetSeries><seriesName>National Wetlands Inventory Maps</seriesName></datasetSeries></srcCitatn><srcExt><exDesc>ground condition</exDesc><tempEle><TempExtent><exTemp><TM_Period><tmBegin>1977-01-01</tmBegin><tmEnd date="May 2014"/></TM_Period></exTemp></TempExtent></tempEle></srcExt></dataSource></dataLineage></dqInfo><spatRepInfo><VectSpatRep><geometObjs Name="HU8_10280102_Wetlands"><geoObjTyp><GeoObjTypCd value="002" Sync="TRUE"></GeoObjTypCd></geoObjTyp><geoObjCnt Sync="TRUE">0</geoObjCnt></geometObjs><topLvl><TopoLevCd value="001" Sync="TRUE"></TopoLevCd></topLvl></VectSpatRep></spatRepInfo><eainfo><detailed Name="HU8_10280102_Wetlands"><enttyp><enttypl>CONUS_wet_poly</enttypl><enttypd>Reference: Cowardin et al. 1979</enttypd><enttypds>U.S. Fish and Wildlife Service</enttypds><enttypt Sync="TRUE">Feature Class</enttypt><enttypc Sync="TRUE">0</enttypc></enttyp><attr><attrlabl Sync="TRUE">FID</attrlabl><attalias Sync="TRUE">FID</attalias><attrtype Sync="TRUE">OID</attrtype><attwidth Sync="TRUE">4</attwidth><atprecis Sync="TRUE">0</atprecis><attscale Sync="TRUE">0</attscale><attrdef Sync="TRUE">Internal feature number.</attrdef><attrdefs Sync="TRUE">Esri</attrdefs><attrdomv><udom Sync="TRUE">Sequential unique whole numbers that are automatically generated.</udom></attrdomv></attr><attr><attrlabl>SHAPE_Area</attrlabl><attrdef>Area of feature in internal units squared.</attrdef><attrdefs>ESRI</attrdefs><attrdomv><udom>Positive real numbers that are automatically generated.</udom></attrdomv><attalias Sync="TRUE">SHAPE_Area</attalias><attrtype Sync="TRUE">Double</attrtype><attwidth Sync="TRUE">19</attwidth><atprecis Sync="TRUE">0</atprecis><attscale Sync="TRUE">0</attscale></attr><attr><attrlabl>ACRES</attrlabl><attrdef>Area of the polygon in acres.</attrdef><attrdefs>Calculated in an Albers Equal Area projection using ESRI's geometry calculator.</attrdefs><attalias Sync="TRUE">ACRES</attalias><attrtype Sync="TRUE">Double</attrtype><attwidth Sync="TRUE">19</attwidth><atprecis Sync="TRUE">0</atprecis><attscale Sync="TRUE">0</attscale></attr><attr><attrlabl Sync="TRUE">WETLAND_TY</attrlabl><attalias Sync="TRUE">WETLAND_TY</attalias><attrtype Sync="TRUE">String</attrtype><attwidth Sync="TRUE">50</attwidth><atprecis Sync="TRUE">0</atprecis><attscale Sync="TRUE">0</attscale></attr><attr><attrlabl>ATTRIBUTE</attrlabl><attrdef>Alphanumeric code identifying the wetland classification of the polygon.</attrdef><attrdefs>http://www.fws.gov/wetlands/Data/Wetland-Codes.html</attrdefs><attalias Sync="TRUE">ATTRIBUTE</attalias><attrtype Sync="TRUE">String</attrtype><attwidth Sync="TRUE">20</attwidth><atprecis Sync="TRUE">0</atprecis><attscale Sync="TRUE">0</attscale></attr><attr><attrlabl Sync="TRUE">SHAPE_Leng</attrlabl><attalias Sync="TRUE">SHAPE_Leng</attalias><attrtype Sync="TRUE">Double</attrtype><attwidth Sync="TRUE">19</attwidth><atprecis Sync="TRUE">0</atprecis><attscale Sync="TRUE">0</attscale></attr><attr><attrlabl>SHAPE</attrlabl><attrdef>Feature geometry.</attrdef><attrdefs>ESRI</attrdefs><attrdomv><udom>Coordinates defining the features.</udom></attrdomv><attalias Sync="TRUE">Shape</attalias><attrtype Sync="TRUE">Geometry</attrtype><attwidth Sync="TRUE">0</attwidth><atprecis Sync="TRUE">0</atprecis><attscale Sync="TRUE">0</attscale></attr></detailed></eainfo><mdHrLvName>dataset</mdHrLvName><refSysInfo><RefSystem><refSysID><identCode code="0"/></refSysID></RefSystem></refSysInfo><spdoinfo><ptvctinf><esriterm Name="HU8_10280102_Wetlands"><efeatyp Sync="TRUE">Simple</efeatyp><efeageom code="4" Sync="TRUE"></efeageom><esritopo Sync="TRUE">FALSE</esritopo><efeacnt Sync="TRUE">0</efeacnt><spindex Sync="TRUE">FALSE</spindex><linrefer Sync="TRUE">FALSE</linrefer></esriterm></ptvctinf></spdoinfo><Esri><DataProperties><itemProps><itemName Sync="TRUE">HU8_10280102_Wetlands</itemName><imsContentType Sync="TRUE">002</imsContentType><itemLocation><linkage Sync="TRUE">file://\\ifw3nsst-svr3\WorkingData\FWS_MGD\Watersheds\Watershed_Extracts_2014\HU8_10280102_Watershed\HU8_10280102_Wetlands.shp</linkage><protocol Sync="TRUE">Local Area Network</protocol></itemLocation><itemSize Sync="TRUE">0.000</itemSize></itemProps><coordRef><type Sync="TRUE">Projected</type><geogcsn Sync="TRUE">GCS_North_American_1983</geogcsn><csUnits Sync="TRUE">Linear Unit: Meter (1.000000)</csUnits><projcsn Sync="TRUE">NAD_1983_Albers</projcsn><peXml Sync="TRUE">&lt;ProjectedCoordinateSystem xsi:type='typens:ProjectedCoordinateSystem' xmlns:xsi='http://www.w3.org/2001/XMLSchema-instance' xmlns:xs='http://www.w3.org/2001/XMLSchema' xmlns:typens='http://www.esri.com/schemas/ArcGIS/10.1'&gt;&lt;WKT&gt;PROJCS[&amp;quot;NAD_1983_Albers&amp;quot;,GEOGCS[&amp;quot;GCS_North_American_1983&amp;quot;,DATUM[&amp;quot;D_North_American_1983&amp;quot;,SPHEROID[&amp;quot;GRS_1980&amp;quot;,6378137.0,298.257222101]],PRIMEM[&amp;quot;Greenwich&amp;quot;,0.0],UNIT[&amp;quot;Degree&amp;quot;,0.0174532925199433]],PROJECTION[&amp;quot;Albers&amp;quot;],PARAMETER[&amp;quot;False_Easting&amp;quot;,0.0],PARAMETER[&amp;quot;False_Northing&amp;quot;,0.0],PARAMETER[&amp;quot;Central_Meridian&amp;quot;,-96.0],PARAMETER[&amp;quot;Standard_Parallel_1&amp;quot;,29.5],PARAMETER[&amp;quot;Standard_Parallel_2&amp;quot;,45.5],PARAMETER[&amp;quot;Latitude_Of_Origin&amp;quot;,23.0],UNIT[&amp;quot;Meter&amp;quot;,1.0]]&lt;/WKT&gt;&lt;XOrigin&gt;-16901100&lt;/XOrigin&gt;&lt;YOrigin&gt;-6972200&lt;/YOrigin&gt;&lt;XYScale&gt;266467840.99085236&lt;/XYScale&gt;&lt;ZOrigin&gt;-100000&lt;/ZOrigin&gt;&lt;ZScale&gt;10000&lt;/ZScale&gt;&lt;MOrigin&gt;-100000&lt;/MOrigin&gt;&lt;MScale&gt;10000&lt;/MScale&gt;&lt;XYTolerance&gt;0.001&lt;/XYTolerance&gt;&lt;ZTolerance&gt;0.001&lt;/ZTolerance&gt;&lt;MTolerance&gt;0.001&lt;/MTolerance&gt;&lt;HighPrecision&gt;true&lt;/HighPrecision&gt;&lt;/ProjectedCoordinateSystem&gt;</peXml></coordRef><lineage><Process Name="Select (2)" ToolSource="c:\program files (x86)\arcgis\desktop10.2\ArcToolbox\Toolboxes\Analysis Tools.tbx\Select" Date="20140511" Time="095436">Select CONUS_wet_poly_Layer M:\FWS_MGD\Watersheds\Watershed_Scratch.gdb\Course_Wet_Polys #</Process><Process Name="Clip" ToolSource="c:\program files (x86)\arcgis\desktop10.2\ArcToolbox\Toolboxes\Analysis Tools.tbx\Clip" Date="20140511" Time="095504">Clip M:\FWS_MGD\Watersheds\Watershed_Scratch.gdb\Course_Wet_Polys WBD_HU8_10280102_Layer M:\FWS_MGD\Watersheds\Watershed_Extracts_2014\HU8_10280102_Watershed\HU8_10280102.gdb\HU8_10280102_Wetlands #</Process><Process Name="Calculate Acres (3)" ToolSource="c:\program files (x86)\arcgis\desktop10.2\ArcToolbox\Toolboxes\Data Management Tools.tbx\CalculateField" Date="20140511" Time="095540">CalculateField M:\FWS_MGD\Watersheds\Watershed_Extracts_2014\HU8_10280102_Watershed\HU8_10280102.gdb\HU8_10280102_Wetlands ACRES acreagecalc( !SHAPE_AREA!) PYTHON_9.3 "def acreagecalc(sharea):\n return sharea * 0.000247105381\n\n"</Process><Process Name="Select (7)" ToolSource="c:\program files (x86)\arcgis\desktop10.2\ArcToolbox\Toolboxes\Analysis Tools.tbx\Select" Date="20140511" Time="095548">Select M:\FWS_MGD\Watersheds\Watershed_Extracts_2014\HU8_10280102_Watershed\HU8_10280102.gdb\HU8_10280102_Wetlands M:\FWS_MGD\Watersheds\Watershed_Extracts_2014\HU8_10280102_Watershed\HU8_10280102_Wetlands.shp #</Process></lineage></DataProperties><SyncDate>20140511</SyncDate><SyncTime>09554200</SyncTime><ModDate>20140511</ModDate><ModTime>09554200</ModTime></Esri></metadata>
